id,user,url
1.0,fox,https://mstdn.jp/@fox
120705.0,takota,https://mstdn.jp/@takota
274981.0,nullkal,https://edge.mstdn.jp/@nullkal
281.0,yagitch,https://mstdn.jp/@yagitch
17817.0,reginn666,https://mstdn.jp/@reginn666
9711.0,Roy_music_tokyo,https://mastodon.cloud/@Roy_music_tokyo
36611.0,nimonokb,https://mstdn.jp/@nimonokb
95236.0,auditor,https://mstdn.jp/@auditor
124679.0,torawo,https://friends.nico/@torawo
12.0,nullkal,https://mstdn.jp/@nullkal
94990.0,takiapt,https://mstdn.jp/@takiapt
43284.0,K_thermocouple,https://mstdn.jp/@K_thermocouple
123669.0,Big_Feild,http://mastodon.oresys.nagoya/@Big_Feild
74774.0,motsukun,https://mstdn.jp/@motsukun
45338.0,solomm9,https://mstdn.jp/@solomm9
39710.0,iimo,https://mstdn.jp/@iimo
118303.0,yu3yuyuyu3,https://mstdn.jp/@yu3yuyuyu3
33055.0,I_Tubalcain,https://mstdn.jp/@I_Tubalcain
94498.0,imagano,https://mstdn.jp/@imagano
121379.0,P_Gengen,https://friends.nico/@P_Gengen
50468.0,etc2017,https://mstdn.jp/@etc2017
95012.0,ymwt,https://mstdn.jp/@ymwt
95014.0,masa_ke,https://mstdn.jp/@masa_ke
95013.0,chocokroon,https://mstdn.jp/@chocokroon
117290.0,m0m0mo,https://mstdn.jp/@m0m0mo
95531.0,Stealth_Filmcomic,https://pawoo.net/@Stealth_Filmcomic
25133.0,tksst,https://mstdn.jp/@tksst
95021.0,htkymtks,https://mstdn.jp/@htkymtks
65074.0,FLY_Hiko,https://mstdn.jp/@FLY_Hiko
50994.0,Koaze,https://mstdn.jp/@Koaze
311.0,me,https://mstdn.jp/@me
58170.0,bukurojpn,https://mstdn.jp/@bukurojpn
64317.0,Hiro1,https://mstdn.jp/@Hiro1
68158.0,QNX_9615,https://mstdn.jp/@QNX_9615
118335.0,RIN184,https://friends.nico/@RIN184
107326.0,koushiki,https://mstdn.jp/@koushiki
126017.0,IchigoMayo,https://mayodon.club/@IchigoMayo
133954.0,sakimorisyunka,https://mastodon.social/@sakimorisyunka
118340.0,jaggannath45,https://mastodon.cloud/@jaggannath45
18250.0,halcana,https://pawoo.net/@halcana
94807.0,togosan,https://mstdn.jp/@togosan
73816.0,Koichiro,https://mstdn.jp/@Koichiro
119898.0,,
115554.0,kazwoo215,https://mstdn.jp/@kazwoo215
36711.0,tunberuku,https://mstdn.jp/@tunberuku
42860.0,Otanimasamitsu,https://mstdn.jp/@Otanimasamitsu
38766.0,meliza,https://mstdn.jp/@meliza
135288.0,hige0609,https://friends.nico/@hige0609
103547.0,Angle,https://witches.town/@Angle
56189.0,xynw,https://mstdn.jp/@xynw
230783.0,neginegi,https://mstdn.jp/@neginegi
61059.0,yabedon,https://mstdn.jp/@yabedon
647.0,tayashin,https://mstdn.jp/@tayashin
6028.0,gu_0v0,https://mstdn.jp/@gu_0v0
45974.0,t_hikoIdle,https://mstdn.jp/@t_hikoIdle
18328.0,sytoh,https://mstdn.jp/@sytoh
409.0,mate,https://mstdn.jp/@mate
88734.0,kenjim,https://mstdn.jp/@kenjim
76959.0,kohji296,https://pawoo.net/@kohji296
95134.0,kazmt2,https://mstdn.jp/@kazmt2
27812.0,N_A_O,https://mstdn.jp/@N_A_O
134825.0,mahata,https://mstdn.jp/@mahata
123309.0,tofuhard,https://mstdn.jp/@tofuhard
89007.0,DOGEgG1971r,https://mstdn.jp/@DOGEgG1971r
86965.0,dsnk_41,https://mstdn.jp/@dsnk_41
5560.0,oec,https://mstdn.jp/@oec
62658.0,brf1964,https://mastodon.cloud/@brf1964
95174.0,yuyakecelica,https://mstdn.jp/@yuyakecelica
94678.0,micanbatake,https://mstdn.jp/@micanbatake
125144.0,ay,https://pawoo.net/@ay
95192.0,gororidon,https://mstdn.jp/@gororidon
224731.0,paku,https://paku.m.to/@paku
79584.0,_awghwy_,https://mstdn.jp/@_awghwy_
41956.0,kome_niku_sio,https://mstdn.jp/@kome_niku_sio
485.0,cat,https://mstdn.jp/@cat
4584.0,o2style,https://mstdn.jp/@o2style
102377.0,Makoto_Tsukisiro,https://pawoo.net/@Makoto_Tsukisiro
90616.0,kujirahand,https://mstdn.jp/@kujirahand
74476.0,alohakun,https://mstdn.jp/@alohakun
34796.0,Isuke,https://pawoo.net/@Isuke
94963.0,nanonano01,https://mstdn.jp/@nanonano01
10484.0,poyozo_,https://pawoo.net/@poyozo_
25844.0,orz_,https://mstdn.jp/@orz_
65016.0,nihil1224,https://pawoo.net/@nihil1224
77563.0,gundamer,https://pawoo.net/@gundamer
33788.0,Siegfried,https://mstdn.jp/@Siegfried
39423.0,1010mog_mi,https://mstdn.jp/@1010mog_mi
