id,user,url
1,fox,https://mstdn.jp/@fox
274981,nullkal,https://edge.mstdn.jp/@nullkal
65016,nihil1224,https://pawoo.net/@nihil1224
43284,K_thermocouple,https://mstdn.jp/@K_thermocouple
647,tayashin,https://mstdn.jp/@tayashin
485,cat,https://mstdn.jp/@cat
409,mate,https://mstdn.jp/@mate
12,nullkal,https://mstdn.jp/@nullkal
311,me,https://mstdn.jp/@me
281,yagitch,https://mstdn.jp/@yagitch
281,yagitch,https://mstdn.jp/@yagitch
17817,reginn666,https://mstdn.jp/@reginn666
64317,Hiro1,https://mstdn.jp/@Hiro1
68158,QNX_9615,https://mstdn.jp/@QNX_9615
65074,FLY_Hiko,https://mstdn.jp/@FLY_Hiko
18250,halcana,https://pawoo.net/@halcana
56189,xynw,https://mstdn.jp/@xynw
41956,kome_niku_sio,https://mstdn.jp/@kome_niku_sio
50468,etc2017,https://mstdn.jp/@etc2017
10484,poyozo_,https://pawoo.net/@poyozo_
25844,orz_,https://mstdn.jp/@orz_
38766,meliza,https://mstdn.jp/@meliza
76959,kohji296,https://pawoo.net/@kohji296
36611,nimonokb,https://mstdn.jp/@nimonokb
77563,gundamer,https://pawoo.net/@gundamer
45338,solomm9,https://mstdn.jp/@solomm9
61059,yabedon,https://mstdn.jp/@yabedon
58170,bukurojpn,https://mstdn.jp/@bukurojpn
79584,_awghwy_,https://mstdn.jp/@_awghwy_
18328,sytoh,https://mstdn.jp/@sytoh
33055,I_Tubalcain,https://mstdn.jp/@I_Tubalcain
89007,DOGEgG1971r,https://mstdn.jp/@DOGEgG1971r
95531,Stealth_Filmcomic,https://pawoo.net/@Stealth_Filmcomic
118335,RIN184,https://friends.nico/@RIN184
118340,jaggannath45,https://mastodon.cloud/@jaggannath45
117290,m0m0mo,https://mstdn.jp/@m0m0mo
118303,yu3yuyuyu3,https://mstdn.jp/@yu3yuyuyu3
107326,koushiki,https://mstdn.jp/@koushiki
119898,orzkawa_Gay,https://gbtdn.tokyo/@orzkawa_Gay
120705,takota,https://mstdn.jp/@takota
121379,P_Gengen,https://friends.nico/@P_Gengen
123309,tofuhard,https://mstdn.jp/@tofuhard
123669,Big_Feild,http://mastodon.oresys.nagoya/@Big_Feild
124679,torawo,https://friends.nico/@torawo
125144,ay,https://pawoo.net/@ay
126017,IchigoMayo,https://mayodon.club/@IchigoMayo
103547,Angle,https://witches.town/@Angle
133954,sakimorisyunka,https://mastodon.social/@sakimorisyunka
115554,kazwoo215,https://mstdn.jp/@kazwoo215
134825,mahata,https://mstdn.jp/@mahata
135288,hige0609,https://friends.nico/@hige0609
120705,takota,https://mstdn.jp/@takota
9711,Roy_music_tokyo,https://mastodon.cloud/@Roy_music_tokyo
224731,paku,https://paku.m.to/@paku
34796,Isuke,https://pawoo.net/@Isuke
6028,gu_0v0,https://mstdn.jp/@gu_0v0
50468,etc2017,https://mstdn.jp/@etc2017
58170,bukurojpn,https://mstdn.jp/@bukurojpn
38766,meliza,https://mstdn.jp/@meliza
62658,brf1964,https://mastodon.cloud/@brf1964
102377,Makoto_Tsukisiro,https://pawoo.net/@Makoto_Tsukisiro
230783,neginegi,https://mstdn.jp/@neginegi
94678,micanbatake,https://mstdn.jp/@micanbatake
95012,ymwt,https://mstdn.jp/@ymwt
74774,motsukun,https://mstdn.jp/@motsukun
39710,iimo,https://mstdn.jp/@iimo
95014,masa_ke,https://mstdn.jp/@masa_ke
95021,htkymtks,https://mstdn.jp/@htkymtks
50994,Koaze,https://mstdn.jp/@Koaze
25133,tksst,https://mstdn.jp/@tksst
74476,alohakun,https://mstdn.jp/@alohakun
94963,nanonano01,https://mstdn.jp/@nanonano01
42860,Otanimasamitsu,https://mstdn.jp/@Otanimasamitsu
90616,kujirahand,https://mstdn.jp/@kujirahand
45974,t_hikoIdle,https://mstdn.jp/@t_hikoIdle
88734,kenjim,https://mstdn.jp/@kenjim
95134,kazmt2,https://mstdn.jp/@kazmt2
95013,chocokroon,https://mstdn.jp/@chocokroon
33788,Siegfried,https://mstdn.jp/@Siegfried
5560,oec,https://mstdn.jp/@oec
73816,Koichiro,https://mstdn.jp/@Koichiro
94990,takiapt,https://mstdn.jp/@takiapt
95174,yuyakecelica,https://mstdn.jp/@yuyakecelica
94807,togosan,https://mstdn.jp/@togosan
95192,gororidon,https://mstdn.jp/@gororidon
39423,1010mog_mi,https://mstdn.jp/@1010mog_mi
36711,tunberuku,https://mstdn.jp/@tunberuku
27812,N_A_O,https://mstdn.jp/@N_A_O
95236,auditor,https://mstdn.jp/@auditor
94498,imagano,https://mstdn.jp/@imagano
4584,o2style,https://mstdn.jp/@o2style
86965,dsnk_41,https://mstdn.jp/@dsnk_41
120705,takota,https://mstdn.jp/@takota
9711,Roy_music_tokyo,https://mastodon.cloud/@Roy_music_tokyo
224731,paku,https://paku.m.to/@paku
34796,Isuke,https://pawoo.net/@Isuke
6028,gu_0v0,https://mstdn.jp/@gu_0v0
50468,etc2017,https://mstdn.jp/@etc2017
58170,bukurojpn,https://mstdn.jp/@bukurojpn
38766,meliza,https://mstdn.jp/@meliza
62658,brf1964,https://mastodon.cloud/@brf1964
102377,Makoto_Tsukisiro,https://pawoo.net/@Makoto_Tsukisiro
230783,neginegi,https://mstdn.jp/@neginegi
94678,micanbatake,https://mstdn.jp/@micanbatake
95012,ymwt,https://mstdn.jp/@ymwt
74774,motsukun,https://mstdn.jp/@motsukun
39710,iimo,https://mstdn.jp/@iimo
95014,masa_ke,https://mstdn.jp/@masa_ke
95021,htkymtks,https://mstdn.jp/@htkymtks
50994,Koaze,https://mstdn.jp/@Koaze
25133,tksst,https://mstdn.jp/@tksst
74476,alohakun,https://mstdn.jp/@alohakun
94963,nanonano01,https://mstdn.jp/@nanonano01
42860,Otanimasamitsu,https://mstdn.jp/@Otanimasamitsu
90616,kujirahand,https://mstdn.jp/@kujirahand
45974,t_hikoIdle,https://mstdn.jp/@t_hikoIdle
88734,kenjim,https://mstdn.jp/@kenjim
95134,kazmt2,https://mstdn.jp/@kazmt2
95013,chocokroon,https://mstdn.jp/@chocokroon
33788,Siegfried,https://mstdn.jp/@Siegfried
5560,oec,https://mstdn.jp/@oec
73816,Koichiro,https://mstdn.jp/@Koichiro
94990,takiapt,https://mstdn.jp/@takiapt
95174,yuyakecelica,https://mstdn.jp/@yuyakecelica
94807,togosan,https://mstdn.jp/@togosan
95192,gororidon,https://mstdn.jp/@gororidon
39423,1010mog_mi,https://mstdn.jp/@1010mog_mi
36711,tunberuku,https://mstdn.jp/@tunberuku
27812,N_A_O,https://mstdn.jp/@N_A_O
95236,auditor,https://mstdn.jp/@auditor
94498,imagano,https://mstdn.jp/@imagano
4584,o2style,https://mstdn.jp/@o2style
86965,dsnk_41,https://mstdn.jp/@dsnk_41
120705,takota,https://mstdn.jp/@takota
9711,Roy_music_tokyo,https://mastodon.cloud/@Roy_music_tokyo
224731,paku,https://paku.m.to/@paku
34796,Isuke,https://pawoo.net/@Isuke
6028,gu_0v0,https://mstdn.jp/@gu_0v0
50468,etc2017,https://mstdn.jp/@etc2017
58170,bukurojpn,https://mstdn.jp/@bukurojpn
38766,meliza,https://mstdn.jp/@meliza
62658,brf1964,https://mastodon.cloud/@brf1964
102377,Makoto_Tsukisiro,https://pawoo.net/@Makoto_Tsukisiro
230783,neginegi,https://mstdn.jp/@neginegi
94678,micanbatake,https://mstdn.jp/@micanbatake
95012,ymwt,https://mstdn.jp/@ymwt
74774,motsukun,https://mstdn.jp/@motsukun
39710,iimo,https://mstdn.jp/@iimo
95014,masa_ke,https://mstdn.jp/@masa_ke
95021,htkymtks,https://mstdn.jp/@htkymtks
50994,Koaze,https://mstdn.jp/@Koaze
25133,tksst,https://mstdn.jp/@tksst
74476,alohakun,https://mstdn.jp/@alohakun
94963,nanonano01,https://mstdn.jp/@nanonano01
42860,Otanimasamitsu,https://mstdn.jp/@Otanimasamitsu
90616,kujirahand,https://mstdn.jp/@kujirahand
45974,t_hikoIdle,https://mstdn.jp/@t_hikoIdle
88734,kenjim,https://mstdn.jp/@kenjim
95134,kazmt2,https://mstdn.jp/@kazmt2
95013,chocokroon,https://mstdn.jp/@chocokroon
33788,Siegfried,https://mstdn.jp/@Siegfried
5560,oec,https://mstdn.jp/@oec
73816,Koichiro,https://mstdn.jp/@Koichiro
94990,takiapt,https://mstdn.jp/@takiapt
95174,yuyakecelica,https://mstdn.jp/@yuyakecelica
94807,togosan,https://mstdn.jp/@togosan
95192,gororidon,https://mstdn.jp/@gororidon
39423,1010mog_mi,https://mstdn.jp/@1010mog_mi
36711,tunberuku,https://mstdn.jp/@tunberuku
27812,N_A_O,https://mstdn.jp/@N_A_O
95236,auditor,https://mstdn.jp/@auditor
94498,imagano,https://mstdn.jp/@imagano
4584,o2style,https://mstdn.jp/@o2style
86965,dsnk_41,https://mstdn.jp/@dsnk_41
120705,takota,https://mstdn.jp/@takota
9711,Roy_music_tokyo,https://mastodon.cloud/@Roy_music_tokyo
224731,paku,https://paku.m.to/@paku
34796,Isuke,https://pawoo.net/@Isuke
6028,gu_0v0,https://mstdn.jp/@gu_0v0
50468,etc2017,https://mstdn.jp/@etc2017
58170,bukurojpn,https://mstdn.jp/@bukurojpn
38766,meliza,https://mstdn.jp/@meliza
62658,brf1964,https://mastodon.cloud/@brf1964
102377,Makoto_Tsukisiro,https://pawoo.net/@Makoto_Tsukisiro
230783,neginegi,https://mstdn.jp/@neginegi
94678,micanbatake,https://mstdn.jp/@micanbatake
95012,ymwt,https://mstdn.jp/@ymwt
74774,motsukun,https://mstdn.jp/@motsukun
39710,iimo,https://mstdn.jp/@iimo
95014,masa_ke,https://mstdn.jp/@masa_ke
95021,htkymtks,https://mstdn.jp/@htkymtks
50994,Koaze,https://mstdn.jp/@Koaze
25133,tksst,https://mstdn.jp/@tksst
74476,alohakun,https://mstdn.jp/@alohakun
94963,nanonano01,https://mstdn.jp/@nanonano01
42860,Otanimasamitsu,https://mstdn.jp/@Otanimasamitsu
90616,kujirahand,https://mstdn.jp/@kujirahand
45974,t_hikoIdle,https://mstdn.jp/@t_hikoIdle
88734,kenjim,https://mstdn.jp/@kenjim
95134,kazmt2,https://mstdn.jp/@kazmt2
95013,chocokroon,https://mstdn.jp/@chocokroon
33788,Siegfried,https://mstdn.jp/@Siegfried
5560,oec,https://mstdn.jp/@oec
73816,Koichiro,https://mstdn.jp/@Koichiro
94990,takiapt,https://mstdn.jp/@takiapt
95174,yuyakecelica,https://mstdn.jp/@yuyakecelica
94807,togosan,https://mstdn.jp/@togosan
95192,gororidon,https://mstdn.jp/@gororidon
39423,1010mog_mi,https://mstdn.jp/@1010mog_mi
36711,tunberuku,https://mstdn.jp/@tunberuku
27812,N_A_O,https://mstdn.jp/@N_A_O
95236,auditor,https://mstdn.jp/@auditor
94498,imagano,https://mstdn.jp/@imagano
4584,o2style,https://mstdn.jp/@o2style
86965,dsnk_41,https://mstdn.jp/@dsnk_41
120705,takota,https://mstdn.jp/@takota
9711,Roy_music_tokyo,https://mastodon.cloud/@Roy_music_tokyo
224731,paku,https://paku.m.to/@paku
34796,Isuke,https://pawoo.net/@Isuke
6028,gu_0v0,https://mstdn.jp/@gu_0v0
50468,etc2017,https://mstdn.jp/@etc2017
58170,bukurojpn,https://mstdn.jp/@bukurojpn
38766,meliza,https://mstdn.jp/@meliza
62658,brf1964,https://mastodon.cloud/@brf1964
102377,Makoto_Tsukisiro,https://pawoo.net/@Makoto_Tsukisiro
230783,neginegi,https://mstdn.jp/@neginegi
94678,micanbatake,https://mstdn.jp/@micanbatake
95012,ymwt,https://mstdn.jp/@ymwt
74774,motsukun,https://mstdn.jp/@motsukun
39710,iimo,https://mstdn.jp/@iimo
95014,masa_ke,https://mstdn.jp/@masa_ke
95021,htkymtks,https://mstdn.jp/@htkymtks
50994,Koaze,https://mstdn.jp/@Koaze
25133,tksst,https://mstdn.jp/@tksst
74476,alohakun,https://mstdn.jp/@alohakun
94963,nanonano01,https://mstdn.jp/@nanonano01
42860,Otanimasamitsu,https://mstdn.jp/@Otanimasamitsu
90616,kujirahand,https://mstdn.jp/@kujirahand
45974,t_hikoIdle,https://mstdn.jp/@t_hikoIdle
88734,kenjim,https://mstdn.jp/@kenjim
95134,kazmt2,https://mstdn.jp/@kazmt2
95013,chocokroon,https://mstdn.jp/@chocokroon
33788,Siegfried,https://mstdn.jp/@Siegfried
5560,oec,https://mstdn.jp/@oec
73816,Koichiro,https://mstdn.jp/@Koichiro
94990,takiapt,https://mstdn.jp/@takiapt
95174,yuyakecelica,https://mstdn.jp/@yuyakecelica
94807,togosan,https://mstdn.jp/@togosan
95192,gororidon,https://mstdn.jp/@gororidon
39423,1010mog_mi,https://mstdn.jp/@1010mog_mi
36711,tunberuku,https://mstdn.jp/@tunberuku
27812,N_A_O,https://mstdn.jp/@N_A_O
95236,auditor,https://mstdn.jp/@auditor
94498,imagano,https://mstdn.jp/@imagano
4584,o2style,https://mstdn.jp/@o2style
86965,dsnk_41,https://mstdn.jp/@dsnk_41
120705,takota,https://mstdn.jp/@takota
9711,Roy_music_tokyo,https://mastodon.cloud/@Roy_music_tokyo
224731,paku,https://paku.m.to/@paku
34796,Isuke,https://pawoo.net/@Isuke
6028,gu_0v0,https://mstdn.jp/@gu_0v0
50468,etc2017,https://mstdn.jp/@etc2017
58170,bukurojpn,https://mstdn.jp/@bukurojpn
38766,meliza,https://mstdn.jp/@meliza
62658,brf1964,https://mastodon.cloud/@brf1964
102377,Makoto_Tsukisiro,https://pawoo.net/@Makoto_Tsukisiro
230783,neginegi,https://mstdn.jp/@neginegi
94678,micanbatake,https://mstdn.jp/@micanbatake
95012,ymwt,https://mstdn.jp/@ymwt
74774,motsukun,https://mstdn.jp/@motsukun
39710,iimo,https://mstdn.jp/@iimo
95014,masa_ke,https://mstdn.jp/@masa_ke
95021,htkymtks,https://mstdn.jp/@htkymtks
50994,Koaze,https://mstdn.jp/@Koaze
25133,tksst,https://mstdn.jp/@tksst
74476,alohakun,https://mstdn.jp/@alohakun
94963,nanonano01,https://mstdn.jp/@nanonano01
42860,Otanimasamitsu,https://mstdn.jp/@Otanimasamitsu
90616,kujirahand,https://mstdn.jp/@kujirahand
45974,t_hikoIdle,https://mstdn.jp/@t_hikoIdle
88734,kenjim,https://mstdn.jp/@kenjim
95134,kazmt2,https://mstdn.jp/@kazmt2
95013,chocokroon,https://mstdn.jp/@chocokroon
33788,Siegfried,https://mstdn.jp/@Siegfried
5560,oec,https://mstdn.jp/@oec
73816,Koichiro,https://mstdn.jp/@Koichiro
94990,takiapt,https://mstdn.jp/@takiapt
95174,yuyakecelica,https://mstdn.jp/@yuyakecelica
94807,togosan,https://mstdn.jp/@togosan
95192,gororidon,https://mstdn.jp/@gororidon
39423,1010mog_mi,https://mstdn.jp/@1010mog_mi
36711,tunberuku,https://mstdn.jp/@tunberuku
27812,N_A_O,https://mstdn.jp/@N_A_O
95236,auditor,https://mstdn.jp/@auditor
94498,imagano,https://mstdn.jp/@imagano
4584,o2style,https://mstdn.jp/@o2style
86965,dsnk_41,https://mstdn.jp/@dsnk_41
120705,takota,https://mstdn.jp/@takota
9711,Roy_music_tokyo,https://mastodon.cloud/@Roy_music_tokyo
224731,paku,https://paku.m.to/@paku
34796,Isuke,https://pawoo.net/@Isuke
6028,gu_0v0,https://mstdn.jp/@gu_0v0
50468,etc2017,https://mstdn.jp/@etc2017
58170,bukurojpn,https://mstdn.jp/@bukurojpn
38766,meliza,https://mstdn.jp/@meliza
62658,brf1964,https://mastodon.cloud/@brf1964
102377,Makoto_Tsukisiro,https://pawoo.net/@Makoto_Tsukisiro
230783,neginegi,https://mstdn.jp/@neginegi
94678,micanbatake,https://mstdn.jp/@micanbatake
95012,ymwt,https://mstdn.jp/@ymwt
74774,motsukun,https://mstdn.jp/@motsukun
39710,iimo,https://mstdn.jp/@iimo
95014,masa_ke,https://mstdn.jp/@masa_ke
95021,htkymtks,https://mstdn.jp/@htkymtks
50994,Koaze,https://mstdn.jp/@Koaze
25133,tksst,https://mstdn.jp/@tksst
74476,alohakun,https://mstdn.jp/@alohakun
94963,nanonano01,https://mstdn.jp/@nanonano01
42860,Otanimasamitsu,https://mstdn.jp/@Otanimasamitsu
90616,kujirahand,https://mstdn.jp/@kujirahand
45974,t_hikoIdle,https://mstdn.jp/@t_hikoIdle
88734,kenjim,https://mstdn.jp/@kenjim
95134,kazmt2,https://mstdn.jp/@kazmt2
95013,chocokroon,https://mstdn.jp/@chocokroon
33788,Siegfried,https://mstdn.jp/@Siegfried
5560,oec,https://mstdn.jp/@oec
73816,Koichiro,https://mstdn.jp/@Koichiro
94990,takiapt,https://mstdn.jp/@takiapt
95174,yuyakecelica,https://mstdn.jp/@yuyakecelica
94807,togosan,https://mstdn.jp/@togosan
95192,gororidon,https://mstdn.jp/@gororidon
39423,1010mog_mi,https://mstdn.jp/@1010mog_mi
36711,tunberuku,https://mstdn.jp/@tunberuku
27812,N_A_O,https://mstdn.jp/@N_A_O
95236,auditor,https://mstdn.jp/@auditor
94498,imagano,https://mstdn.jp/@imagano
4584,o2style,https://mstdn.jp/@o2style
86965,dsnk_41,https://mstdn.jp/@dsnk_41
120705,takota,https://mstdn.jp/@takota
9711,Roy_music_tokyo,https://mastodon.cloud/@Roy_music_tokyo
224731,paku,https://paku.m.to/@paku
34796,Isuke,https://pawoo.net/@Isuke
6028,gu_0v0,https://mstdn.jp/@gu_0v0
50468,etc2017,https://mstdn.jp/@etc2017
58170,bukurojpn,https://mstdn.jp/@bukurojpn
38766,meliza,https://mstdn.jp/@meliza
62658,brf1964,https://mastodon.cloud/@brf1964
102377,Makoto_Tsukisiro,https://pawoo.net/@Makoto_Tsukisiro
230783,neginegi,https://mstdn.jp/@neginegi
94678,micanbatake,https://mstdn.jp/@micanbatake
95012,ymwt,https://mstdn.jp/@ymwt
74774,motsukun,https://mstdn.jp/@motsukun
39710,iimo,https://mstdn.jp/@iimo
95014,masa_ke,https://mstdn.jp/@masa_ke
95021,htkymtks,https://mstdn.jp/@htkymtks
50994,Koaze,https://mstdn.jp/@Koaze
25133,tksst,https://mstdn.jp/@tksst
74476,alohakun,https://mstdn.jp/@alohakun
94963,nanonano01,https://mstdn.jp/@nanonano01
42860,Otanimasamitsu,https://mstdn.jp/@Otanimasamitsu
90616,kujirahand,https://mstdn.jp/@kujirahand
45974,t_hikoIdle,https://mstdn.jp/@t_hikoIdle
88734,kenjim,https://mstdn.jp/@kenjim
95134,kazmt2,https://mstdn.jp/@kazmt2
95013,chocokroon,https://mstdn.jp/@chocokroon
33788,Siegfried,https://mstdn.jp/@Siegfried
5560,oec,https://mstdn.jp/@oec
73816,Koichiro,https://mstdn.jp/@Koichiro
94990,takiapt,https://mstdn.jp/@takiapt
95174,yuyakecelica,https://mstdn.jp/@yuyakecelica
94807,togosan,https://mstdn.jp/@togosan
95192,gororidon,https://mstdn.jp/@gororidon
39423,1010mog_mi,https://mstdn.jp/@1010mog_mi
36711,tunberuku,https://mstdn.jp/@tunberuku
27812,N_A_O,https://mstdn.jp/@N_A_O
95236,auditor,https://mstdn.jp/@auditor
94498,imagano,https://mstdn.jp/@imagano
4584,o2style,https://mstdn.jp/@o2style
86965,dsnk_41,https://mstdn.jp/@dsnk_41
